[
    {
        "createdBy":"ObjectId('65dde8d27abfd45f576858a0')",
      "workLocation": "Peru",
      "workType": "full-time",
      "status": "interview",
      "position": "Assistant Professor",
      "company": "Eabox"
    },
    {
      
      "createdBy":"ObjectId('65dde8d27abfd45f576858a0')",
      "workLocation": "Sweden",
      "workType": "full-time",
      "status": "interview",
      "position": "Account Coordinator",
      "company": "Rhyzio"
    },
    {
      
      "createdBy":"ObjectId('65dde8d27abfd45f576858a0')",
      "workLocation": "China",
      "workType": "internship",
      "status": "pending",
      "position": "Statistician I",
      "company": "Feedmix"
    },
    {
      "createdBy":"ObjectId('65dde8d27abfd45f576858a0')",
      "workLocation": "Democratic Republic of the Congo",
      "workType": "part-time",
      "status": "interview",
      "position": "Staff Scientist",
      "company": "Twitterbeat"
    },
    {
      
      "createdBy":"ObjectId('65dde8d27abfd45f576858a0')",
      "workLocation": "Thailand",
      "workType": "contaract",
      "status": "interview",
      "position": "Compensation Analyst",
      "company": "Mita"
    },
    {
      "createdBy":"ObjectId('65dde8d27abfd45f576858a0')",
      "workLocation": "Poland",
      "workType": "contaract",
      "status": "reject",
      "position": "Design Engineer",
      "company": "Devpulse"
    },
    {
      
      "createdBy":"ObjectId('65dde8d27abfd45f576858a0')",
      "workLocation": "Colombia",
      "workType": "contaract",
      "status": "pending",
      "position": "Administrative Assistant III",
      "company": "Twitternation"
    },
    {
      
      "createdBy":"ObjectId('65dde8d27abfd45f576858a0')",
      "workLocation": "Brazil",
      "workType": "internship",
      "status": "interview",
      "position": "Internal Auditor",
      "company": "Fivechat"
    },
    {
     
      "createdBy":"ObjectId('65dde8d27abfd45f576858a0')",
      "workLocation": "China",
      "workType": "part-time",
      "status": "reject",
      "position": "Community Outreach Specialist",
      "company": "Dazzlesphere"
    },
    {
     
      "createdBy":"ObjectId('65dde8d27abfd45f576858a0')",
      "workLocation": "Myanmar",
      "workType": "internship",
      "status": "pending",
      "position": "Assistant Manager",
      "company": "Riffpedia"
    },
    {
      
      "createdBy":"ObjectId('65dde8d27abfd45f576858a0')",
      "workLocation": "Peru",
      "workType": "full-time",
      "status": "reject",
      "position": "Technical Writer",
      "company": "Realcube"
    },
    {
      
      "createdBy":"ObjectId('65dde8d27abfd45f576858a0')",
      "workLocation": "China",
      "workType": "full-time",
      "status": "pending",
      "position": "Geologist I",
      "company": "Rhyzio"
    },
    {
    
        
      "createdBy":"ObjectId('65dde8d27abfd45f576858a0')",
      "workLocation": "United States",
      "workType": "full-time",
      "status": "pending",
      "position": "VP Product Management",
      "company": "Vidoo"
    },
    {
      
      "createdBy":"ObjectId('65dde8d27abfd45f576858a0')",
      "workLocation": "Indonesia",
      "workType": "full-time",
      "status": "pending",
      "position": "VP Sales",
      "company": "Wordpedia"
    },
    {
      
      "createdBy":"ObjectId('65dde8d27abfd45f576858a0')",
      "workLocation": "France",
      "workType": "full-time",
      "status": "pending",
      "position": "Marketing Assistant",
      "company": "Skipfire"
    },
    {
      
      "createdBy":"ObjectId('65dde8d27abfd45f576858a0')",
      "workLocation": "United States",
      "workType": "full-time",
      "status": "interview",
      "position": "Physical Therapy Assistant",
      "company": "Aimbu"
    },
    {
      
      "createdBy":"ObjectId('65dde8d27abfd45f576858a0')",
      "workLocation": "Indonesia",
      "workType": "part-time",
      "status": "interview",
      "position": "Internal Auditor",
      "company": "Browseblab"
    },
    {
      
      "createdBy":"ObjectId('65dde8d27abfd45f576858a0')",
      "workLocation": "Thailand",
      "workType": "full-time",
      "status": "interview",
      "position": "Marketing Assistant",
      "company": "Youfeed"
    },
    {
     
      "createdBy":"ObjectId('65dde8d27abfd45f576858a0')",
      "workLocation": "China",
      "workType": "internship",
      "status": "reject",
      "position": "Structural Engineer",
      "company": "Realcube"
    },
    {
       
      "createdBy":"ObjectId('65dde8d27abfd45f576858a0')",
      "workLocation": "Vietnam",
      "workType": "part-time",
      "status": "reject",
      "position": "Nurse Practicioner",
      "company": "Blogpad"
    },
    {
       
      "createdBy":"ObjectId('65dde8d27abfd45f576858a0')",
      "workLocation": "Mexico",
      "workType": "part-time",
      "status": "reject",
      "position": "VP Product Management",
      "company": "Eabox"
    },
    {
       
      "createdBy":"ObjectId('65dde8d27abfd45f576858a0')",
      "workLocation": "Canada",
      "workType": "part-time",
      "status": "pending",
      "position": "Automation Specialist IV",
      "company": "Bluejam"
    },
    {
       
      "createdBy":"ObjectId('65dde8d27abfd45f576858a0')",
      "workLocation": "Philippines",
      "workType": "part-time",
      "status": "pending",
      "position": "Legal Assistant",
      "company": "Leexo"
    },
    {
       
      "createdBy":"ObjectId('65dde8d27abfd45f576858a0')",
      "workLocation": "Japan",
      "workType": "full-time",
      "status": "interview",
      "position": "VP Marketing",
      "company": "Brainbox"
    },
    {
 
      "createdBy":"ObjectId('65dde8d27abfd45f576858a0')",
      "workLocation": "China",
      "workType": "full-time",
      "status": "pending",
      "position": "Administrative Officer",
      "company": "Oloo"
    },
    {
      "createdBy":"ObjectId('65dde8d27abfd45f576858a0')",
      "workLocation": "Indonesia",
      "workType": "part-time",
      "status": "interview",
      "position": "Help Desk Technician",
      "company": "Viva"
    },
    {
      
      "createdBy":"ObjectId('65dde8d27abfd45f576858a0')",
      "workLocation": "China",
      "workType": "full-time",
      "status": "reject",
      "position": "Junior Executive",
      "company": "Youfeed"
    },
    {
      
      
      "workLocation": "China",
      "workType": "internship",
      "status": "pending",
      "position": "Editor",
      "company": "Gigaclub"
    },
    {
      "createdBy":"ObjectId('65dde8d27abfd45f576858a0')",
      "workLocation": "Ivory Coast",
      "workType": "full-time",
      "status": "reject",
      "position": "Quality Control Specialist",
      "company": "Shufflebeat"
    },
    {
        "createdBy":"ObjectId('65dde8d27abfd45f576858a0')",
        "workLocation": "Poland",
      "workType": "internship",
      "status": "interview",
      "position": "Design Engineer",
      "company": "InnoZ"
    },
    {
        "createdBy":"ObjectId('65dde8d27abfd45f576858a0')",
        "workLocation": "China",
      "workType": "full-time",
      "status": "pending",
      "position": "Sales Associate",
      "company": "Chatterpoint"
    },
   
    {
   
      "createdBy":"ObjectId('65dde8d27abfd45f576858a0')",
      "workLocation": "Democratic Republic of the Congo",
      "workType": "contaract",
      "status": "reject",
      "position": "Software Engineer II",
      "company": "Photospace"
    },
    {
     
      "createdBy":"ObjectId('65dde8d27abfd45f576858a0')",
      "workLocation": "Russia",
      "workType": "internship",
      "status": "pending",
      "position": "General Manager",
      "company": "Blogtags"
    },
    {
    
      "createdBy":"ObjectId('65dde8d27abfd45f576858a0')",
      "workLocation": "Brazil",
      "workType": "internship",
      "status": "pending",
      "position": "Office Assistant II",
      "company": "Fadeo"
    },
    {
     
      "createdBy":"ObjectId('65dde8d27abfd45f576858a0')",
      "workLocation": "Ireland",
      "workType": "full-time",
      "status": "reject",
      "position": "Statistician II",
      "company": "Skidoo"
    },
    {
     
      "createdBy":"ObjectId('65dde8d27abfd45f576858a0')",
      "workLocation": "China",
      "workType": "part-time",
      "status": "pending",
      "position": "Recruiter",
      "company": "Vidoo"
    },
    {
    
      "createdBy":"ObjectId('65dde8d27abfd45f576858a0')",
      "workLocation": "China",
      "workType": "full-time",
      "status": "interview",
      "position": "VP Accounting",
      "company": "Feedbug"
    },
    {
      
      "createdBy":"ObjectId('65dde8d27abfd45f576858a0')",
      "workLocation": "Sweden",
      "workType": "internship",
      "status": "reject",
      "position": "Human Resources Assistant II",
      "company": "Agimba"
    },
    {
   
      "createdBy":"ObjectId('65dde8d27abfd45f576858a0')",
      "workLocation": "Philippines",
      "workType": "contaract",
      "status": "interview",
      "position": "Electrical Engineer",
      "company": "Meedoo"
    },
    {
      
      "createdBy":"ObjectId('65dde8d27abfd45f576858a0')",
      "workLocation": "China",
      "workType": "full-time",
      "status": "reject",
      "position": "Financial Advisor",
      "company": "Fatz"
    },
    {
     
      "createdBy":"ObjectId('65dde8d27abfd45f576858a0')",
      "workLocation": "Iran",
      "workType": "part-time",
      "status": "pending",
      "position": "Legal Assistant",
      "company": "Wikizz"
    },
    {

      "createdBy":"ObjectId('65dde8d27abfd45f576858a0')",
      "workLocation": "China",
      "workType": "contaract",
      "status": "reject",
      "position": "Sales Associate",
      "company": "Mita"
    },
    {
     
      "createdBy":"ObjectId('65dde8d27abfd45f576858a0')",
      "workLocation": "China",
      "workType": "internship",
      "status": "interview",
      "position": "Software Engineer II",
      "company": "Mydeo"
    },
    {
      "createdBy":"ObjectId('65dde8d27abfd45f576858a0')",
      "workLocation": "Portugal",
      "workType": "full-time",
      "status": "pending",
      "position": "Graphic Designer",
      "company": "Tavu"
    },
    {
      "createdBy":"ObjectId('65dde8d27abfd45f576858a0')",
      "workLocation": "Dominican Republic",
      "workType": "part-time",
      "status": "interview",
      "position": "Nuclear Power Engineer",
      "company": "Flashspan"
    },
    {
      "createdBy":"ObjectId('65dde8d27abfd45f576858a0')",
      "workLocation": "China",
      "workType": "full-time",
      "status": "interview",
      "position": "Teacher",
      "company": "Gabvine"
    },
    {
      
      "createdBy":"ObjectId('65dde8d27abfd45f576858a0')",
      "workLocation": "France",
      "workType": "internship",
      "status": "interview",
      "position": "Environmental Specialist",
      "company": "Innotype"
    },
    {
      "createdBy":"ObjectId('65dde8d27abfd45f576858a0')",
      "workLocation": "Indonesia",
      "workType": "contaract",
      "status": "reject",
      "position": "Office Assistant III",
      "company": "Gabspot"
    },
    {
     
      "createdBy":"ObjectId('65dde8d27abfd45f576858a0')",
      "workLocation": "Belarus",
      "workType": "contaract",
      "status": "interview",
      "position": "Web Developer I",
      "company": "Wordify"
    },
    {
    
      "createdBy":"ObjectId('65dde8d27abfd45f576858a0')",
      "workLocation": "Poland",
      "workType": "full-time",
      "status": "reject",
      "position": "Assistant Media Planner",
      "company": "DabZ"
    },
    {
     
      "createdBy":"ObjectId('65dde8d27abfd45f576858a0')",
      "workLocation": "Sweden",
      "workType": "internship",
      "status": "reject",
      "position": "Senior Sales Associate",
      "company": "Babbleset"
    },
    {
     
      "createdBy":"ObjectId('65dde8d27abfd45f576858a0')",
      "workLocation": "Portugal",
      "workType": "contaract",
      "status": "reject",
      "position": "Programmer Analyst III",
      "company": "Wikibox"
    },
    {
    
      "createdBy":"ObjectId('65dde8d27abfd45f576858a0')",
      "workLocation": "Philippines",
      "workType": "internship",
      "status": "interview",
      "position": "Mechanical Systems Engineer",
      "company": "Yodel"
    },
    {
     
      "createdBy":"ObjectId('65dde8d27abfd45f576858a0')",
      "workLocation": "China",
      "workType": "internship",
      "status": "interview",
      "position": "Office Assistant III",
      "company": "Gabspot"
    },
    {
 
      "createdBy":"ObjectId('65dde8d27abfd45f576858a0')",
      "workLocation": "Ecuador",
      "workType": "contaract",
      "status": "interview",
      "position": "Software Consultant",
      "company": "Browsedrive"
    },
    {
     
      "createdBy":"ObjectId('65dde8d27abfd45f576858a0')",
      "workLocation": "China",
      "workType": "internship",
      "status": "interview",
      "position": "Community Outreach Specialist",
      "company": "Snaptags"
    },
    {
      
      "createdBy":"ObjectId('65dde8d27abfd45f576858a0')",
      "workLocation": "Sri Lanka",
      "workType": "full-time",
      "status": "pending",
      "position": "Pharmacist",
      "company": "Linkbuzz"
    },
    {
     
      "createdBy":"ObjectId('65dde8d27abfd45f576858a0')",
      "workLocation": "Indonesia",
      "workType": "internship",
      "status": "pending",
      "position": "Assistant Manager",
      "company": "Tambee"
    },
    {
     
      "createdBy":"ObjectId('65dde8d27abfd45f576858a0')",
      "workLocation": "United States",
      "workType": "full-time",
      "status": "reject",
      "position": "Graphic Designer",
      "company": "Dynabox"
    },
    {
      
      "createdBy":"ObjectId('65dde8d27abfd45f576858a0')",
      "workLocation": "Indonesia",
      "workType": "internship",
      "status": "interview",
      "position": "Occupational Therapist",
      "company": "Zoomcast"
    }
  ]